model_name,as_of_date,metric_name,metric_value
account_health_score,2025-12-31,auc_holdout,0.7613135980091145
account_health_score,2025-12-31,importance_pct_usage_trend,31.996463252274044
account_health_score,2025-12-31,importance_pct_ticket_volume_severity,27.240150529948583
account_health_score,2025-12-31,importance_pct_login_frequency,6.030005029442
account_health_score,2025-12-31,importance_pct_am_sentiment,34.733381188335365
account_health_score,2025-12-31,precision_high_tier,0.42613636363636365
account_health_score,2025-12-31,recall_high_tier,0.4132231404958678
account_health_score,2025-12-31,f1_high_tier,0.4195804195804196
account_health_score,2025-12-31,true_positive_high_tier,150
account_health_score,2025-12-31,false_positive_high_tier,202
account_health_score,2025-12-31,true_negative_high_tier,1195
account_health_score,2025-12-31,false_negative_high_tier,213
account_health_score,2025-12-31,mean_predicted_probability,0.4431155829365224
account_health_score,2025-12-31,actual_base_rate,0.20625
account_health_score,2025-12-31,calibration_gap,0.23686558293652243
segment_migration_analysis,2025-12-31,migration_count_smb_to_commercial,437.0
segment_migration_analysis,2025-12-31,migration_rate_smb_to_commercial,0.10913404507710557
segment_migration_analysis,2025-12-31,migration_count_commercial_to_enterprise,65.0
segment_migration_analysis,2025-12-31,migration_rate_commercial_to_enterprise,0.10010266940451745
segment_migration_analysis,2025-12-31,pct_firmographic_rescore_overall,0.30284301606922126
segment_migration_analysis,2025-12-31,pct_firmographic_rescore_smb_to_commercial,0.2894736842105263
segment_migration_analysis,2025-12-31,pct_firmographic_rescore_commercial_to_enterprise,0.41379310344827586
segment_migration_analysis,2025-12-31,graduated_revenue_mrr_total,1528898.75
segment_migration_analysis,2025-12-31,graduated_revenue_mrr_smb_to_commercial,760647.0999999999
segment_migration_analysis,2025-12-31,graduated_revenue_mrr_commercial_to_enterprise,768251.6499999999
segment_migration_analysis,2025-12-31,median_days_in_prior_segment_smb_to_commercial,297.0
segment_migration_analysis,2025-12-31,median_days_in_prior_segment_commercial_to_enterprise,212.0
segment_migration_analysis,2025-12-31,graduated_revenue_reconciliation_max_abs_diff_usd,1.4551915228366852e-11
capacity_planning,2025-12-31,structural_checks_total,5.0
capacity_planning,2025-12-31,structural_checks_passed,5.0
capacity_planning,2025-12-31,ramp_capacity_discount_applied,0.5
capacity_planning,2025-12-31,achievability_margin,0.15
capacity_planning,2025-12-31,empirical_ramp_ratio_pooled,0.48838107553820553
capacity_planning,2025-12-31,ramped_baseline_attainment_pooled,0.9245058496267303
capacity_planning,2025-12-31,ramping_rep_quarters_pooled,105.0
capacity_planning,2025-12-31,ramped_rep_quarters_pooled,568.0
capacity_planning,2025-12-31,ramped_baseline_attainment_isr,0.8016319406606242
capacity_planning,2025-12-31,empirical_ramp_ratio_isr,0.2796548833561339
capacity_planning,2025-12-31,ramped_baseline_attainment_ae,0.9688830191945016
capacity_planning,2025-12-31,empirical_ramp_ratio_ae,0.5287004979451662
capacity_planning,2025-12-31,team_quarters_evaluated,48.0
capacity_planning,2025-12-31,team_quarters_quota_not_achievable,34.0
capacity_planning,2025-12-31,team_quarters_ramp_mix_breaches_margin,13.0
capacity_planning,2025-12-31,max_ramp_attributable_gap_pct,0.44548741638177847
capacity_planning,2025-12-31,company_quota_coverage_ratio_latest_quarter,0.9280467005160491
capacity_planning,2025-12-31,company_ramp_capacity_haircut_latest_quarter,0.9956408613161766
capacity_planning,2025-12-31,company_attainment_latest_quarter,1.3285277131717241
capacity_planning,2025-12-31,attainment_reconciliation_max_abs_diff_usd,0.0
capacity_planning,2025-12-31,capacity_decomposition_max_abs_diff_usd,5.238689482212067e-10
capacity_planning,2025-06-30,structural_checks_total,5.0
capacity_planning,2025-06-30,structural_checks_passed,5.0
capacity_planning,2025-06-30,ramp_capacity_discount_applied,0.5
capacity_planning,2025-06-30,achievability_margin,0.15
capacity_planning,2025-06-30,empirical_ramp_ratio_pooled,0.5145194976579636
capacity_planning,2025-06-30,ramped_baseline_attainment_pooled,0.8760697387278982
capacity_planning,2025-06-30,ramping_rep_quarters_pooled,103.0
capacity_planning,2025-06-30,ramped_rep_quarters_pooled,491.0
capacity_planning,2025-06-30,ramped_baseline_attainment_isr,0.7657763940120285
capacity_planning,2025-06-30,empirical_ramp_ratio_isr,0.2706228968578422
capacity_planning,2025-06-30,ramped_baseline_attainment_ae,0.917893626784427
capacity_planning,2025-06-30,empirical_ramp_ratio_ae,0.558070041834002
capacity_planning,2025-06-30,team_quarters_evaluated,44.0
capacity_planning,2025-06-30,team_quarters_quota_not_achievable,37.0
capacity_planning,2025-06-30,team_quarters_ramp_mix_breaches_margin,13.0
capacity_planning,2025-06-30,max_ramp_attributable_gap_pct,0.4454874163817785
capacity_planning,2025-06-30,company_quota_coverage_ratio_latest_quarter,0.8758853093044252
capacity_planning,2025-06-30,company_ramp_capacity_haircut_latest_quarter,0.9989997857317855
capacity_planning,2025-06-30,company_attainment_latest_quarter,0.7413408367220345
capacity_planning,2025-06-30,attainment_reconciliation_max_abs_diff_usd,3.725290298461914e-09
capacity_planning,2025-06-30,capacity_decomposition_max_abs_diff_usd,3.4924596548080444e-10
marketing_attribution,2025-12-31,structural_checks_total,6.0
marketing_attribution,2025-12-31,structural_checks_passed,6.0
marketing_attribution,2025-12-31,converting_leads_attributed,2061.0
marketing_attribution,2025-12-31,attributed_bookings_usd,20721251.459999997
marketing_attribution,2025-12-31,credit_conservation_max_abs_diff,0.0
marketing_attribution,2025-12-31,bookings_conservation_max_abs_diff_usd,3.725290298461914e-09
marketing_attribution,2025-12-31,first_touch_lead_source_match_rate,1.0
marketing_attribution,2025-12-31,pipeline_generated_source_max_abs_diff,0.0
marketing_attribution,2025-12-31,pipeline_generated_accounting_max_abs_diff,0.0
marketing_attribution,2025-12-31,campaign_vs_coarse_spend_pct_diff,0.0033113419376639562
marketing_attribution,2025-12-31,first_to_last_mix_shift_tvd,0.015526443474041751
marketing_attribution,2025-12-31,channel_switch_share,0.057738961669092675
marketing_attribution,2025-12-31,multi_channel_path_share,0.3173216885007278
marketing_attribution,2025-12-31,time_decay_half_life_days,20.0
marketing_attribution,2025-12-31,measured_incremental_share_pooled,0.6818607943674906
marketing_attribution,2025-12-31,measured_incremental_share_pooled_se,0.0876752154975219
marketing_attribution,2025-12-31,incrementality_pooled_z_stat,4.428916586154637
marketing_attribution,2025-12-31,measured_incremental_share_community,0.8156979632389468
marketing_attribution,2025-12-31,measured_incremental_share_paid,0.6476964769647696
marketing_attribution,2025-12-31,first_touch_share_community,0.13294517224648228
marketing_attribution,2025-12-31,last_touch_share_community,0.14847161572052403
marketing_attribution,2025-12-31,linear_share_community,0.14678188204218565
marketing_attribution,2025-12-31,time_decay_share_community,0.14761958844456077
marketing_attribution,2025-12-31,first_touch_share_organic,0.4881125667151868
marketing_attribution,2025-12-31,last_touch_share_organic,0.4774381368267831
marketing_attribution,2025-12-31,linear_share_organic,0.4747194500410767
marketing_attribution,2025-12-31,time_decay_share_organic,0.47526041630055404
marketing_attribution,2025-12-31,first_touch_share_paid,0.3789422610383309
marketing_attribution,2025-12-31,last_touch_share_paid,0.37409024745269287
marketing_attribution,2025-12-31,linear_share_paid,0.37849866791673764
marketing_attribution,2025-12-31,time_decay_share_paid,0.37711999525488515
marketing_attribution,2025-06-30,structural_checks_total,6.0
marketing_attribution,2025-06-30,structural_checks_passed,6.0
marketing_attribution,2025-06-30,converting_leads_attributed,1671.0
marketing_attribution,2025-06-30,attributed_bookings_usd,16451571.05
marketing_attribution,2025-06-30,credit_conservation_max_abs_diff,0.0
marketing_attribution,2025-06-30,bookings_conservation_max_abs_diff_usd,1.862645149230957e-09
marketing_attribution,2025-06-30,first_touch_lead_source_match_rate,1.0
marketing_attribution,2025-06-30,pipeline_generated_source_max_abs_diff,0.0
marketing_attribution,2025-06-30,pipeline_generated_accounting_max_abs_diff,0.0
marketing_attribution,2025-06-30,campaign_vs_coarse_spend_pct_diff,0.06061706539926433
marketing_attribution,2025-06-30,first_to_last_mix_shift_tvd,0.013764213046080179
marketing_attribution,2025-06-30,channel_switch_share,0.05685218432076601
marketing_attribution,2025-06-30,multi_channel_path_share,0.3249551166965889
marketing_attribution,2025-06-30,time_decay_half_life_days,20.0
marketing_attribution,2025-06-30,measured_incremental_share_pooled,0.6847107685549411
marketing_attribution,2025-06-30,measured_incremental_share_pooled_se,0.10297079776878214
marketing_attribution,2025-06-30,incrementality_pooled_z_stat,3.7702609969471457
marketing_attribution,2025-06-30,measured_incremental_share_community,0.8156979632389468
marketing_attribution,2025-06-30,measured_incremental_share_paid,0.6291691306918983
marketing_attribution,2025-06-30,first_touch_share_community,0.1286654697785757
marketing_attribution,2025-06-30,last_touch_share_community,0.1424296828246559
marketing_attribution,2025-06-30,linear_share_community,0.14173892004428565
marketing_attribution,2025-06-30,time_decay_share_community,0.1422226629268879
marketing_attribution,2025-06-30,first_touch_share_organic,0.5014961101137043
marketing_attribution,2025-06-30,last_touch_share_organic,0.49132256134051466
marketing_attribution,2025-06-30,linear_share_organic,0.4869637395818773
marketing_attribution,2025-06-30,time_decay_share_organic,0.48767134880517987
marketing_attribution,2025-06-30,first_touch_share_paid,0.36983842010771995
marketing_attribution,2025-06-30,last_touch_share_paid,0.36624775583482944
marketing_attribution,2025-06-30,linear_share_paid,0.37129734037383705
marketing_attribution,2025-06-30,time_decay_share_paid,0.37010598826793223
forecast,2025-11-14,ml_auc_holdout_out_of_time,0.8154235145385589
forecast,2025-11-14,ml_auc_holdout_random_split,0.8226749669873609
forecast,2025-11-14,ml_auc_manager_category_lookup_baseline,0.7819487086870147
forecast,2025-11-14,ml_precision_commit_grade,0.9555555555555556
forecast,2025-11-14,ml_recall_commit_grade,0.5707964601769911
forecast,2025-11-14,ml_f1_commit_grade,0.7146814404432134
forecast,2025-11-14,ml_true_positive_commit_grade,129
forecast,2025-11-14,ml_false_positive_commit_grade,6
forecast,2025-11-14,ml_true_negative_commit_grade,239
forecast,2025-11-14,ml_false_negative_commit_grade,97
forecast,2025-11-14,ml_operating_threshold_probability,0.79
forecast,2025-11-14,ml_mean_predicted_probability,0.47349424295971365
forecast,2025-11-14,ml_actual_base_rate,0.47983014861995754
forecast,2025-11-14,ml_calibration_gap,-0.00633590566024389
forecast,2025-11-14,ml_n_train,1410.0
forecast,2025-11-14,ml_n_holdout,471.0
forecast,2025-11-14,ml_auc_ratio_vs_leak_proof_baseline,1.0428094649683
forecast,2025-11-14,structural_checks_total,6.0
forecast,2025-11-14,structural_checks_passed,6.0
forecast,2025-11-14,divergence_threshold,0.25
forecast,2025-11-14,divergence_share_flagged_backtest,0.125
forecast,2025-11-14,backtest_period_segments,24.0
forecast,2025-11-14,rep_manager_downgrade_penalty,0.20207607316252318
forecast,2025-11-14,backtest_mape_bottoms_up_rep,0.15455650530036275
forecast,2025-11-14,backtest_mape_bottoms_up_manager,0.1604851691329035
forecast,2025-11-14,backtest_mape_ml,0.15368305646565092
forecast,2025-11-14,backtest_mape_cro_adjusted,0.1769214137093194
forecast,2025-11-14,current_period_bottoms_up_manager_commercial,1441064.5389753103
forecast,2025-11-14,current_period_bottoms_up_rep_commercial,1442659.2305613202
forecast,2025-11-14,current_period_ml_commercial,1488080.2093835543
forecast,2025-11-14,current_period_cro_adjusted_commercial,1257119.8089753103
forecast,2025-11-14,current_period_lens_spread_pct_commercial,0.16412402022916284
forecast,2025-11-14,current_period_bottoms_up_manager_enterprise,4872926.3692415515
forecast,2025-11-14,current_period_bottoms_up_rep_enterprise,5034428.453800596
forecast,2025-11-14,current_period_ml_enterprise,4755725.541493873
forecast,2025-11-14,current_period_cro_adjusted_enterprise,4404642.589241551
forecast,2025-11-14,current_period_lens_spread_pct_enterprise,0.13211558948820912
forecast,2025-08-15,ml_auc_holdout_out_of_time,0.8593039772727273
forecast,2025-08-15,ml_auc_holdout_random_split,0.817558092948718
forecast,2025-08-15,ml_auc_manager_category_lookup_baseline,0.8356534090909091
forecast,2025-08-15,ml_precision_commit_grade,0.952755905511811
forecast,2025-08-15,ml_recall_commit_grade,0.6302083333333334
forecast,2025-08-15,ml_f1_commit_grade,0.7586206896551725
forecast,2025-08-15,ml_true_positive_commit_grade,121
forecast,2025-08-15,ml_false_positive_commit_grade,6
forecast,2025-08-15,ml_true_negative_commit_grade,214
forecast,2025-08-15,ml_false_negative_commit_grade,71
forecast,2025-08-15,ml_operating_threshold_probability,0.7647058823529411
forecast,2025-08-15,ml_mean_predicted_probability,0.4809750878484843
forecast,2025-08-15,ml_actual_base_rate,0.46601941747572817
forecast,2025-08-15,ml_calibration_gap,0.014955670372756136
forecast,2025-08-15,ml_n_train,1235.0
forecast,2025-08-15,ml_n_holdout,412.0
forecast,2025-08-15,ml_auc_ratio_vs_leak_proof_baseline,1.028301886792453
forecast,2025-08-15,structural_checks_total,6.0
forecast,2025-08-15,structural_checks_passed,5.0
forecast,2025-08-15,divergence_threshold,0.25
forecast,2025-08-15,divergence_share_flagged_backtest,0.13636363636363635
forecast,2025-08-15,backtest_period_segments,22.0
forecast,2025-08-15,rep_manager_downgrade_penalty,0.20001565711963543
forecast,2025-08-15,backtest_mape_bottoms_up_rep,0.16419030050027295
forecast,2025-08-15,backtest_mape_bottoms_up_manager,0.17159566419680186
forecast,2025-08-15,backtest_mape_ml,0.16669345369069646
forecast,2025-08-15,backtest_mape_cro_adjusted,0.18467891703926037
forecast,2025-08-15,current_period_bottoms_up_manager_commercial,1733590.0234479115
forecast,2025-08-15,current_period_bottoms_up_rep_commercial,1771491.1809783927
forecast,2025-08-15,current_period_ml_commercial,1779194.155021846
forecast,2025-08-15,current_period_cro_adjusted_commercial,1636371.5134479115
forecast,2025-08-15,current_period_lens_spread_pct_commercial,0.08254872366528826
forecast,2025-08-15,current_period_bottoms_up_manager_enterprise,3057953.7822057866
forecast,2025-08-15,current_period_bottoms_up_rep_enterprise,3165657.5430308026
forecast,2025-08-15,current_period_ml_enterprise,2939553.207888674
forecast,2025-08-15,current_period_cro_adjusted_enterprise,2730322.4022057867
forecast,2025-08-15,current_period_lens_spread_pct_enterprise,0.14641127305796248
deal_diagnostics,2025-11-30,auc_holdout_out_of_time,0.6984530131609329
deal_diagnostics,2025-11-30,auc_holdout_random_split,0.7313441619585687
deal_diagnostics,2025-11-30,precision_flagged_tier,0.8363636363636363
deal_diagnostics,2025-11-30,recall_flagged_tier,0.323943661971831
deal_diagnostics,2025-11-30,f1_flagged_tier,0.467005076142132
deal_diagnostics,2025-11-30,true_positive_flagged_tier,92
deal_diagnostics,2025-11-30,false_positive_flagged_tier,18
deal_diagnostics,2025-11-30,true_negative_flagged_tier,104
deal_diagnostics,2025-11-30,false_negative_flagged_tier,192
deal_diagnostics,2025-11-30,operating_threshold_probability,0.8434901458493069
deal_diagnostics,2025-11-30,mean_predicted_probability,0.7121384012874953
deal_diagnostics,2025-11-30,actual_base_rate,0.6995073891625616
deal_diagnostics,2025-11-30,calibration_gap,0.012631012124933672
deal_diagnostics,2025-11-30,n_train,1217.0
deal_diagnostics,2025-11-30,n_holdout,406.0
deal_diagnostics,2025-06-30,auc_holdout_out_of_time,0.7158154121863799
deal_diagnostics,2025-06-30,auc_holdout_random_split,0.7166838842975207
deal_diagnostics,2025-06-30,precision_flagged_tier,0.918918918918919
deal_diagnostics,2025-06-30,recall_flagged_tier,0.27419354838709675
deal_diagnostics,2025-06-30,f1_flagged_tier,0.4223602484472049
deal_diagnostics,2025-06-30,true_positive_flagged_tier,68
deal_diagnostics,2025-06-30,false_positive_flagged_tier,6
deal_diagnostics,2025-06-30,true_negative_flagged_tier,84
deal_diagnostics,2025-06-30,false_negative_flagged_tier,180
deal_diagnostics,2025-06-30,operating_threshold_probability,0.8455436671460881
deal_diagnostics,2025-06-30,mean_predicted_probability,0.6985466968179292
deal_diagnostics,2025-06-30,actual_base_rate,0.7337278106508875
deal_diagnostics,2025-06-30,calibration_gap,-0.0351811138329583
deal_diagnostics,2025-06-30,n_train,1014.0
deal_diagnostics,2025-06-30,n_holdout,338.0
rep_productivity,2025-12-31,synthetic_scenarios_passed,5.0
rep_productivity,2025-12-31,synthetic_scenarios_total,5.0
rep_productivity,2025-12-31,structural_checks_passed,3.0
rep_productivity,2025-12-31,structural_checks_total,3.0
rep_productivity,2025-12-31,reps_scored,40.0
rep_productivity,2025-12-31,reps_flagged_on_par,29.0
rep_productivity,2025-12-31,reps_flagged_volume_and_quality_constrained,7.0
rep_productivity,2025-12-31,reps_flagged_engagement_quality_constrained,2.0
rep_productivity,2025-12-31,reps_flagged_ramp_explained_on_par,1.0
rep_productivity,2025-12-31,reps_flagged_volume_constrained,1.0
rep_productivity,2025-06-30,synthetic_scenarios_passed,5.0
rep_productivity,2025-06-30,synthetic_scenarios_total,5.0
rep_productivity,2025-06-30,structural_checks_passed,3.0
rep_productivity,2025-06-30,structural_checks_total,3.0
rep_productivity,2025-06-30,reps_scored,39.0
rep_productivity,2025-06-30,reps_flagged_on_par,27.0
rep_productivity,2025-06-30,reps_flagged_volume_and_quality_constrained,8.0
rep_productivity,2025-06-30,reps_flagged_ramp_explained_on_par,3.0
rep_productivity,2025-06-30,reps_flagged_engagement_quality_constrained,1.0
pricing_packaging_analytics,2025-06-30,discount_reconciliation_max_abs_diff,6.455730306800106e-05
pricing_packaging_analytics,2025-06-30,deal_size_within_band_all_passed,1.0
pricing_packaging_analytics,2025-06-30,positive_control_win_rate_spread,0.9824575181523443
pricing_packaging_analytics,2025-06-30,test_methodology_non_vacuous,1.0
pricing_packaging_analytics,2025-06-30,discount_vs_win_diff_commercial,-0.004797568399622643
pricing_packaging_analytics,2025-06-30,discount_vs_win_permutation_p_commercial,0.09995002498750624
pricing_packaging_analytics,2025-06-30,discount_vs_win_diff_enterprise,-0.0038160109933254582
pricing_packaging_analytics,2025-06-30,discount_vs_win_permutation_p_enterprise,0.5827086456771614
pricing_packaging_analytics,2025-06-30,discount_vs_competitive_diff_commercial,0.0016248431785017003
pricing_packaging_analytics,2025-06-30,discount_vs_competitive_diff_enterprise,0.0009422956326987364
pricing_packaging_analytics,2025-06-30,packaging_median_utilization_commercial,1.4741231395395236
pricing_packaging_analytics,2025-06-30,packaging_share_well_calibrated_commercial,0.10411452597857643
pricing_packaging_analytics,2025-06-30,packaging_median_utilization_enterprise,1.5279500166772007
pricing_packaging_analytics,2025-06-30,packaging_share_well_calibrated_enterprise,0.061418685121107264
pricing_packaging_analytics,2025-06-30,deal_size_pct_change_commercial,0.02038565236250372
pricing_packaging_analytics,2025-06-30,deal_size_pct_change_enterprise,0.020504157386699084
pricing_packaging_analytics,2025-06-30,deal_size_pct_change_smb,-0.03089130935386221
pricing_packaging_analytics,2025-11-30,discount_reconciliation_max_abs_diff,6.455730306800106e-05
pricing_packaging_analytics,2025-11-30,deal_size_within_band_all_passed,1.0
pricing_packaging_analytics,2025-11-30,positive_control_win_rate_spread,0.9814824717765894
pricing_packaging_analytics,2025-11-30,test_methodology_non_vacuous,1.0
pricing_packaging_analytics,2025-11-30,discount_vs_win_diff_commercial,-0.003708493566918311
pricing_packaging_analytics,2025-11-30,discount_vs_win_permutation_p_commercial,0.17841079460269865
pricing_packaging_analytics,2025-11-30,discount_vs_win_diff_enterprise,-0.0010410787258802179
pricing_packaging_analytics,2025-11-30,discount_vs_win_permutation_p_enterprise,0.8610694652673663
pricing_packaging_analytics,2025-11-30,discount_vs_competitive_diff_commercial,-0.0005598393679192709
pricing_packaging_analytics,2025-11-30,discount_vs_competitive_diff_enterprise,0.00363013698630138
pricing_packaging_analytics,2025-11-30,packaging_median_utilization_commercial,1.4876694509204085
pricing_packaging_analytics,2025-11-30,packaging_share_well_calibrated_commercial,0.09889067289446796
pricing_packaging_analytics,2025-11-30,packaging_median_utilization_enterprise,1.5529782863570325
pricing_packaging_analytics,2025-11-30,packaging_share_well_calibrated_enterprise,0.05765472312703583
pricing_packaging_analytics,2025-11-30,deal_size_pct_change_commercial,-0.02752573136594012
pricing_packaging_analytics,2025-11-30,deal_size_pct_change_enterprise,0.016173857912209502
pricing_packaging_analytics,2025-11-30,deal_size_pct_change_smb,-0.020638234149385475
tam_icp_opportunity_sizing,2025-06-30,total_companies,123200.0
tam_icp_opportunity_sizing,2025-06-30,total_customers_as_of,6246.0
tam_icp_opportunity_sizing,2025-06-30,total_whitespace_as_of,116954.0
tam_icp_opportunity_sizing,2025-06-30,tam_dollar_full_capture,1090490606.3600001
tam_icp_opportunity_sizing,2025-06-30,whitespace_dollar_full_capture,1052962377.53
tam_icp_opportunity_sizing,2025-06-30,whitespace_companies_tier_1,2072.0
tam_icp_opportunity_sizing,2025-06-30,whitespace_dollar_tier_1,508184138.2800002
tam_icp_opportunity_sizing,2025-06-30,penetration_rate_tier_1,0.04251386321626617
tam_icp_opportunity_sizing,2025-06-30,whitespace_companies_tier_2,25705.0
tam_icp_opportunity_sizing,2025-06-30,whitespace_dollar_tier_2,385575000.0
tam_icp_opportunity_sizing,2025-06-30,penetration_rate_tier_2,0.01157425209567023
tam_icp_opportunity_sizing,2025-06-30,whitespace_companies_tier_3,89177.0
tam_icp_opportunity_sizing,2025-06-30,whitespace_dollar_tier_3,159203239.25
tam_icp_opportunity_sizing,2025-06-30,penetration_rate_tier_3,0.06159107650215721
tam_icp_opportunity_sizing,2025-06-30,acv_assumption_median_commercial,15000.0
tam_icp_opportunity_sizing,2025-06-30,acv_assumption_median_enterprise,245262.615
tam_icp_opportunity_sizing,2025-06-30,acv_assumption_median_smb,1785.25
tam_icp_opportunity_sizing,2025-06-30,tier_acv_separation_ratio_tier1_tier2,16.180649666666667
tam_icp_opportunity_sizing,2025-06-30,tier_acv_separation_ratio_tier2_tier3,8.400914019445315
tam_icp_opportunity_sizing,2025-06-30,entry_tier_explained_share,0.9987191802753762
tam_icp_opportunity_sizing,2025-06-30,entry_tier_downgrade_anomaly_share,0.001280819724623759
tam_icp_opportunity_sizing,2025-06-30,universe_partition_max_abs_diff_companies,0.0
tam_icp_opportunity_sizing,2025-06-30,tam_dollar_reconciliation_max_abs_diff_usd,2.384185791015625e-07
tam_icp_opportunity_sizing,2025-06-30,structural_checks_total,4.0
tam_icp_opportunity_sizing,2025-06-30,structural_checks_passed,4.0
tam_icp_opportunity_sizing,2025-12-31,total_companies,123200.0
tam_icp_opportunity_sizing,2025-12-31,total_customers_as_of,7700.0
tam_icp_opportunity_sizing,2025-12-31,total_whitespace_as_of,115500.0
tam_icp_opportunity_sizing,2025-12-31,tam_dollar_full_capture,1074787165.1399999
tam_icp_opportunity_sizing,2025-12-31,whitespace_dollar_full_capture,1028890077.55
tam_icp_opportunity_sizing,2025-12-31,whitespace_companies_tier_1,2049.0
tam_icp_opportunity_sizing,2025-12-31,whitespace_dollar_tier_1,486984928.44000006
tam_icp_opportunity_sizing,2025-12-31,penetration_rate_tier_1,0.05314232902033272
tam_icp_opportunity_sizing,2025-12-31,whitespace_companies_tier_2,25630.0
tam_icp_opportunity_sizing,2025-12-31,whitespace_dollar_tier_2,384450000.0
tam_icp_opportunity_sizing,2025-12-31,penetration_rate_tier_2,0.01445820195339537
tam_icp_opportunity_sizing,2025-12-31,whitespace_companies_tier_3,87821.0
tam_icp_opportunity_sizing,2025-12-31,whitespace_dollar_tier_3,157455149.10999998
tam_icp_opportunity_sizing,2025-12-31,penetration_rate_tier_3,0.07586025465642429
tam_icp_opportunity_sizing,2025-12-31,acv_assumption_median_commercial,15000.0
tam_icp_opportunity_sizing,2025-12-31,acv_assumption_median_enterprise,237669.56
tam_icp_opportunity_sizing,2025-12-31,acv_assumption_median_smb,1792.9099999999999
tam_icp_opportunity_sizing,2025-12-31,tier_acv_separation_ratio_tier1_tier2,15.794324666666666
tam_icp_opportunity_sizing,2025-12-31,tier_acv_separation_ratio_tier2_tier3,8.37151675140502
tam_icp_opportunity_sizing,2025-12-31,entry_tier_explained_share,0.9984415584415585
tam_icp_opportunity_sizing,2025-12-31,entry_tier_downgrade_anomaly_share,0.0015584415584415584
tam_icp_opportunity_sizing,2025-12-31,universe_partition_max_abs_diff_companies,0.0
tam_icp_opportunity_sizing,2025-12-31,tam_dollar_reconciliation_max_abs_diff_usd,0.0
tam_icp_opportunity_sizing,2025-12-31,structural_checks_total,4.0
tam_icp_opportunity_sizing,2025-12-31,structural_checks_passed,4.0
territory_coverage_routing,2025-12-31,active_reps_apac,3.0
territory_coverage_routing,2025-12-31,whitespace_companies_per_rep_apac,5765.666666666667
territory_coverage_routing,2025-12-31,coverage_index_whitespace_apac,0.5136506552937148
territory_coverage_routing,2025-12-31,coverage_index_existing_accounts_apac,0.521397616468039
territory_coverage_routing,2025-12-31,active_reps_emea,7.0
territory_coverage_routing,2025-12-31,whitespace_companies_per_rep_emea,4112.857142857143
territory_coverage_routing,2025-12-31,coverage_index_whitespace_emea,0.7200683998183129
territory_coverage_routing,2025-12-31,coverage_index_existing_accounts_emea,0.7300851991818712
territory_coverage_routing,2025-12-31,active_reps_na_west,11.0
territory_coverage_routing,2025-12-31,whitespace_companies_per_rep_na_west,2543.3636363636365
territory_coverage_routing,2025-12-31,coverage_index_whitespace_na_west,1.1644180246961102
territory_coverage_routing,2025-12-31,coverage_index_existing_accounts_na_west,1.1707789066279632
territory_coverage_routing,2025-12-31,active_reps_na_east,15.0
territory_coverage_routing,2025-12-31,whitespace_companies_per_rep_na_east,2379.3333333333335
territory_coverage_routing,2025-12-31,coverage_index_whitespace_na_east,1.244692544776602
territory_coverage_routing,2025-12-31,coverage_index_existing_accounts_na_east,1.2019230769230769
territory_coverage_routing,2025-12-31,active_reps_latam,3.0
territory_coverage_routing,2025-12-31,whitespace_companies_per_rep_latam,1915.3333333333333
territory_coverage_routing,2025-12-31,coverage_index_whitespace_latam,1.5462261372459771
territory_coverage_routing,2025-12-31,coverage_index_existing_accounts_latam,1.6826923076923077
territory_coverage_routing,2025-12-31,apac_reps_needed_for_parity,3.0
territory_coverage_routing,2025-12-31,structural_checks_total,5.0
territory_coverage_routing,2025-12-31,structural_checks_passed,5.0
territory_coverage_routing,2025-06-30,active_reps_apac,3.0
territory_coverage_routing,2025-06-30,whitespace_companies_per_rep_apac,5765.666666666667
territory_coverage_routing,2025-06-30,coverage_index_whitespace_apac,0.5008093889113719
territory_coverage_routing,2025-06-30,coverage_index_existing_accounts_apac,0.5080802603036877
territory_coverage_routing,2025-06-30,active_reps_emea,8.0
territory_coverage_routing,2025-06-30,whitespace_companies_per_rep_emea,3598.75
territory_coverage_routing,2025-06-30,coverage_index_whitespace_emea,0.8023619312261202
territory_coverage_routing,2025-06-30,coverage_index_existing_accounts_emea,0.8048969072164949
territory_coverage_routing,2025-06-30,active_reps_na_west,11.0
territory_coverage_routing,2025-06-30,whitespace_companies_per_rep_na_west,2543.3636363636365
territory_coverage_routing,2025-06-30,coverage_index_whitespace_na_west,1.1353075740787075
territory_coverage_routing,2025-06-30,coverage_index_existing_accounts_na_west,1.1390251989389921
territory_coverage_routing,2025-06-30,active_reps_na_east,15.0
territory_coverage_routing,2025-06-30,whitespace_companies_per_rep_na_east,2379.3333333333335
territory_coverage_routing,2025-06-30,coverage_index_whitespace_na_east,1.2135752311571868
territory_coverage_routing,2025-06-30,coverage_index_existing_accounts_na_east,1.179380664652568
territory_coverage_routing,2025-06-30,active_reps_latam,3.0
territory_coverage_routing,2025-06-30,whitespace_companies_per_rep_latam,1915.3333333333333
territory_coverage_routing,2025-06-30,coverage_index_whitespace_latam,1.5075704838148276
territory_coverage_routing,2025-06-30,coverage_index_existing_accounts_latam,1.685071942446043
territory_coverage_routing,2025-06-30,apac_reps_needed_for_parity,3.0
territory_coverage_routing,2025-06-30,structural_checks_total,5.0
territory_coverage_routing,2025-06-30,structural_checks_passed,5.0
retention_expansion_cohort_analytics,2025-06-30,cohort_population_reconciliation_max_abs_diff,0.0
retention_expansion_cohort_analytics,2025-06-30,active_count_reconciliation_max_abs_diff,0.0
retention_expansion_cohort_analytics,2025-06-30,revenue_decomposition_identity_max_abs_diff,7.105427357601002e-15
retention_expansion_cohort_analytics,2025-06-30,total_accounts_in_scope,6246.0
retention_expansion_cohort_analytics,2025-06-30,total_cohorts,62.0
retention_expansion_cohort_analytics,2025-06-30,logo_retention_month36_smb,0.5876460767946577
retention_expansion_cohort_analytics,2025-06-30,revenue_retention_month36_smb,2.86369964995142
retention_expansion_cohort_analytics,2025-06-30,n_accounts_at_risk_month36_smb,1198.0
retention_expansion_cohort_analytics,2025-06-30,implied_annual_logo_retention_smb,0.8376037512726139
retention_expansion_cohort_analytics,2025-06-30,logo_retention_month36_commercial,0.7719298245614035
retention_expansion_cohort_analytics,2025-06-30,revenue_retention_month36_commercial,3.7814690133313236
retention_expansion_cohort_analytics,2025-06-30,n_accounts_at_risk_month36_commercial,57.0
retention_expansion_cohort_analytics,2025-06-30,implied_annual_logo_retention_commercial,0.9173307256258517
retention_expansion_cohort_analytics,2025-06-30,logo_retention_month36_enterprise,0.9473684210526315
retention_expansion_cohort_analytics,2025-06-30,revenue_retention_month36_enterprise,2.7679290706964705
retention_expansion_cohort_analytics,2025-06-30,n_accounts_at_risk_month36_enterprise,19.0
retention_expansion_cohort_analytics,2025-06-30,implied_annual_logo_retention_enterprise,0.9821390252341226
retention_expansion_cohort_analytics,2025-12-31,cohort_population_reconciliation_max_abs_diff,0.0
retention_expansion_cohort_analytics,2025-12-31,active_count_reconciliation_max_abs_diff,0.0
retention_expansion_cohort_analytics,2025-12-31,revenue_decomposition_identity_max_abs_diff,1.4210854715202004e-14
retention_expansion_cohort_analytics,2025-12-31,total_accounts_in_scope,7700.0
retention_expansion_cohort_analytics,2025-12-31,total_cohorts,68.0
retention_expansion_cohort_analytics,2025-12-31,logo_retention_month36_smb,0.5886818495514148
retention_expansion_cohort_analytics,2025-12-31,revenue_retention_month36_smb,3.260664140862245
retention_expansion_cohort_analytics,2025-12-31,n_accounts_at_risk_month36_smb,1449.0
retention_expansion_cohort_analytics,2025-12-31,implied_annual_logo_retention_smb,0.8380955767441554
retention_expansion_cohort_analytics,2025-12-31,logo_retention_month36_commercial,0.7794117647058824
retention_expansion_cohort_analytics,2025-12-31,revenue_retention_month36_commercial,4.343235113745875
retention_expansion_cohort_analytics,2025-12-31,n_accounts_at_risk_month36_commercial,68.0
retention_expansion_cohort_analytics,2025-12-31,implied_annual_logo_retention_commercial,0.9202849482447857
retention_expansion_cohort_analytics,2025-12-31,logo_retention_month36_enterprise,0.9130434782608695
retention_expansion_cohort_analytics,2025-12-31,revenue_retention_month36_enterprise,2.53015058303147
retention_expansion_cohort_analytics,2025-12-31,n_accounts_at_risk_month36_enterprise,23.0
retention_expansion_cohort_analytics,2025-12-31,implied_annual_logo_retention_enterprise,0.9701312318500641
mmm_incrementality,2025-12-31,elasticity_organic,0.4297272372707541
mmm_incrementality,2025-12-31,elasticity_se_organic,0.23870982930898327
mmm_incrementality,2025-12-31,elasticity_p_organic,0.08097549289007588
mmm_incrementality,2025-12-31,r2_organic,0.5851269818085205
mmm_incrementality,2025-12-31,n_months_organic,36.0
mmm_incrementality,2025-12-31,spend_nested_f_p_organic,0.080975492889955
mmm_incrementality,2025-12-31,loocv_rmse_conversions_organic,5.372851705825152
mmm_incrementality,2025-12-31,loocv_mae_conversions_organic,4.1336347824973325
mmm_incrementality,2025-12-31,model_implied_incremental_share_organic,0.6282313514189078
mmm_incrementality,2025-12-31,forward_holdout_rmse_conversions_organic,5.960931992333937
mmm_incrementality,2025-12-31,elasticity_paid,0.22064578451258493
mmm_incrementality,2025-12-31,elasticity_se_paid,0.12731183350153152
mmm_incrementality,2025-12-31,elasticity_p_paid,0.09241224898913858
mmm_incrementality,2025-12-31,r2_paid,0.7128451406064851
mmm_incrementality,2025-12-31,n_months_paid,36.0
mmm_incrementality,2025-12-31,spend_nested_f_p_paid,0.09241224898921611
mmm_incrementality,2025-12-31,loocv_rmse_conversions_paid,4.842372189374683
mmm_incrementality,2025-12-31,loocv_mae_conversions_paid,3.80160144608468
mmm_incrementality,2025-12-31,model_implied_incremental_share_paid,0.3983357384112388
mmm_incrementality,2025-12-31,forward_holdout_rmse_conversions_paid,5.254607392167368
mmm_incrementality,2025-12-31,elasticity_community,0.19233504242076688
mmm_incrementality,2025-12-31,elasticity_se_community,0.2751029778772879
mmm_incrementality,2025-12-31,elasticity_p_community,0.48936432626688275
mmm_incrementality,2025-12-31,r2_community,0.42347813358342223
mmm_incrementality,2025-12-31,n_months_community,36.0
mmm_incrementality,2025-12-31,spend_nested_f_p_community,0.4893643262668913
mmm_incrementality,2025-12-31,loocv_rmse_conversions_community,2.5600355754113533
mmm_incrementality,2025-12-31,loocv_mae_conversions_community,2.061877142532205
mmm_incrementality,2025-12-31,model_implied_incremental_share_community,0.35780790171614896
mmm_incrementality,2025-12-31,forward_holdout_rmse_conversions_community,4.2292183630554225
mmm_incrementality,2025-12-31,elasticity_pooled_common,0.2246050580562359
mmm_incrementality,2025-12-31,elasticity_pooled_no_trend_control,0.7304067690322567
mmm_incrementality,2025-12-31,vif_log_spend_with_trend,7.420626391958232
mmm_incrementality,2025-12-31,r2_pooled,0.7735888504405376
mmm_incrementality,2025-12-31,gap_vs_holdout_paid,-0.2493607385535308
mmm_incrementality,2025-12-31,gap_vs_holdout_community,-0.4578900615227979
mmm_incrementality,2025-12-31,checks_total,3.0
mmm_incrementality,2025-12-31,checks_passed,2.0
mmm_incrementality,2025-06-30,elasticity_organic,0.40216495289437637
mmm_incrementality,2025-06-30,elasticity_se_organic,0.27368481072691153
mmm_incrementality,2025-06-30,elasticity_p_organic,0.15326871433880762
mmm_incrementality,2025-06-30,r2_organic,0.5628882469260595
mmm_incrementality,2025-06-30,n_months_organic,30.0
mmm_incrementality,2025-06-30,spend_nested_f_p_organic,0.15326871433880676
mmm_incrementality,2025-06-30,loocv_rmse_conversions_organic,5.050470931602093
mmm_incrementality,2025-06-30,loocv_mae_conversions_organic,3.9657602431755254
mmm_incrementality,2025-06-30,model_implied_incremental_share_organic,0.6038724507246819
mmm_incrementality,2025-06-30,forward_holdout_rmse_conversions_organic,1.8245093096489724
mmm_incrementality,2025-06-30,elasticity_paid,0.22443781028900134
mmm_incrementality,2025-06-30,elasticity_se_paid,0.19087967487886767
mmm_incrementality,2025-06-30,elasticity_p_paid,0.24993576419862107
mmm_incrementality,2025-06-30,r2_paid,0.6584896865632814
mmm_incrementality,2025-06-30,n_months_paid,30.0
mmm_incrementality,2025-06-30,spend_nested_f_p_paid,0.24993576419855984
mmm_incrementality,2025-06-30,loocv_rmse_conversions_paid,5.039112632104046
mmm_incrementality,2025-06-30,loocv_mae_conversions_paid,3.743987328525842
mmm_incrementality,2025-06-30,model_implied_incremental_share_paid,0.403566278700524
mmm_incrementality,2025-06-30,forward_holdout_rmse_conversions_paid,5.46622206675172
mmm_incrementality,2025-06-30,elasticity_community,0.9150713883189259
mmm_incrementality,2025-06-30,elasticity_se_community,0.7971057941538516
mmm_incrementality,2025-06-30,elasticity_p_community,0.26104178099201003
mmm_incrementality,2025-06-30,r2_community,0.3272217982779897
mmm_incrementality,2025-06-30,n_months_community,30.0
mmm_incrementality,2025-06-30,spend_nested_f_p_community,0.26104178099155495
mmm_incrementality,2025-06-30,loocv_rmse_conversions_community,2.7207348494350243
mmm_incrementality,2025-06-30,loocv_mae_conversions_community,2.070630315756922
mmm_incrementality,2025-06-30,model_implied_incremental_share_community,0.8784013896755831
mmm_incrementality,2025-06-30,forward_holdout_rmse_conversions_community,4.872686196190018
mmm_incrementality,2025-06-30,elasticity_pooled_common,0.36144236340491265
mmm_incrementality,2025-06-30,elasticity_pooled_no_trend_control,0.7782616073051505
mmm_incrementality,2025-06-30,vif_log_spend_with_trend,13.235428762548125
mmm_incrementality,2025-06-30,r2_pooled,0.7576700987916768
mmm_incrementality,2025-06-30,gap_vs_holdout_paid,-0.2256028519913743
mmm_incrementality,2025-06-30,gap_vs_holdout_community,0.06270342643663629
mmm_incrementality,2025-06-30,checks_total,3.0
mmm_incrementality,2025-06-30,checks_passed,0.0
experimentation_platform,2025-12-31,checks_total,3.0
experimentation_platform,2025-12-31,checks_passed,3.0
experimentation_platform,2025-12-31,all_checks_pass,1.0
experimentation_platform,2025-12-31,experiments_registered,1.0
experimentation_platform,2025-12-31,experiments_registry_complete,1.0
experimentation_platform,2025-12-31,reproduction_check_applicable,1.0
experimentation_platform,2025-12-31,reproduces_marketing_attribution_result,1.0
experimentation_platform,2025-12-31,recomputed_incremental_share_pooled,0.6818607943674906
experimentation_platform,2025-12-31,recomputed_z_stat,4.428916586154637
experimentation_platform,2025-12-31,abs_diff_incremental_share,3.920563250936482e-05
experimentation_platform,2025-12-31,abs_diff_z,0.0010834138453628128
experimentation_platform,2025-12-31,n_cells_total,6.0
experimentation_platform,2025-12-31,n_cells_resolved,5.0
experimentation_platform,2025-12-31,n_control_resolved,1168.0
experimentation_platform,2025-12-31,n_treatment_resolved,4751.0
experimentation_platform,2025-12-31,achieved_power_at_designed_effect,0.9970080186936877
experimentation_platform,2025-12-31,mde_at_80pct_power_incremental_share,0.5146717009922096
experimentation_platform,2025-12-31,adequately_powered,1.0
experimentation_platform,2025-12-31,guardrails_total,2.0
experimentation_platform,2025-12-31,guardrails_passed,2.0
experimentation_platform,2025-12-31,synthetic_completeness_checks_total,5.0
experimentation_platform,2025-12-31,synthetic_completeness_checks_passed,5.0
experimentation_platform,2025-06-30,checks_total,2.0
experimentation_platform,2025-06-30,checks_passed,2.0
experimentation_platform,2025-06-30,all_checks_pass,1.0
experimentation_platform,2025-06-30,experiments_registered,1.0
experimentation_platform,2025-06-30,experiments_registry_complete,1.0
experimentation_platform,2025-06-30,reproduction_check_applicable,0.0
experimentation_platform,2025-06-30,recomputed_incremental_share_pooled,0.6847107685549411
experimentation_platform,2025-06-30,recomputed_z_stat,3.7702609969471457
experimentation_platform,2025-06-30,n_cells_total,6.0
experimentation_platform,2025-06-30,n_cells_resolved,4.0
experimentation_platform,2025-06-30,n_control_resolved,821.0
experimentation_platform,2025-06-30,n_treatment_resolved,3158.0
experimentation_platform,2025-06-30,achieved_power_at_designed_effect,0.9704797544946839
experimentation_platform,2025-06-30,mde_at_80pct_power_incremental_share,0.5682415393030326
experimentation_platform,2025-06-30,adequately_powered,1.0
experimentation_platform,2025-06-30,guardrails_total,2.0
experimentation_platform,2025-06-30,guardrails_passed,2.0
experimentation_platform,2025-06-30,synthetic_completeness_checks_total,5.0
experimentation_platform,2025-06-30,synthetic_completeness_checks_passed,5.0
lead_scoring_model,2025-12-31,auc_overall,0.541959792724666
lead_scoring_model,2025-12-31,auc_ci90_low,0.5313847696226114
lead_scoring_model,2025-12-31,auc_ci90_high,0.5512695284029991
lead_scoring_model,2025-12-31,n_resolved_leads,40207
lead_scoring_model,2025-12-31,n_resolved_positive,2061
lead_scoring_model,2025-12-31,auc_regime_v1,0.5368519566096988
lead_scoring_model,2025-12-31,n_regime_v1,19035
lead_scoring_model,2025-12-31,auc_regime_v2,0.5512991951122489
lead_scoring_model,2025-12-31,n_regime_v2,21172
lead_scoring_model,2025-12-31,precision_commercial_or_better,0.054228855721393035
lead_scoring_model,2025-12-31,recall_commercial_or_better,0.1586608442503639
lead_scoring_model,2025-12-31,f1_commercial_or_better,0.08083055246570263
lead_scoring_model,2025-12-31,precision_enterprise_only,0.1413427561837456
lead_scoring_model,2025-12-31,recall_enterprise_only,0.019408054342552158
lead_scoring_model,2025-12-31,f1_enterprise_only,0.034129692832764506
lead_scoring_model,2025-12-31,region_marginal_auc_delta,0.0023432514107111224
lead_scoring_model,2025-12-31,region_marginal_auc_delta_ci90_low,0.0002634968512321923
lead_scoring_model,2025-12-31,region_marginal_auc_delta_ci90_high,0.0045894105589885555
lead_scoring_model,2025-12-31,score_distribution_total_shift_v1_to_v2,2.136620110972924
lead_scoring_model,2025-12-31,score_distribution_region_explained_shift,1.7184106486832709
weekly_executive_readout,2025-12-31,structural_checks_total,26.0
weekly_executive_readout,2025-12-31,structural_checks_passed,26.0
weekly_executive_readout,2025-12-31,layer1_nodes_in_scorecard,11.0
weekly_executive_readout,2025-12-31,layer1_nodes_not_computable,1.0
weekly_executive_readout,2025-12-31,drilldowns_rendered,8.0
weekly_executive_readout,2025-12-31,watchlist_accounts,25.0
weekly_executive_readout,2025-12-31,playbook_triggers_fired,1558.0
weekly_executive_readout,2025-12-31,sections_not_yet_built,0.0
scenario_planning,2025-11-30,synthetic_scenarios_total,8.0
scenario_planning,2025-11-30,synthetic_scenarios_passed,8.0
scenario_planning,2025-11-30,baseline_self_check_nodes_total,9.0
scenario_planning,2025-11-30,baseline_self_check_nodes_passed,9.0
scenario_planning,2025-11-30,drivers_registered,13.0
scenario_planning,2025-06-30,synthetic_scenarios_total,8.0
scenario_planning,2025-06-30,synthetic_scenarios_passed,8.0
scenario_planning,2025-06-30,baseline_self_check_nodes_total,9.0
scenario_planning,2025-06-30,baseline_self_check_nodes_passed,9.0
scenario_planning,2025-06-30,drivers_registered,13.0
scenario_planning,2025-12-31,synthetic_scenarios_total,8.0
scenario_planning,2025-12-31,synthetic_scenarios_passed,8.0
scenario_planning,2025-12-31,baseline_self_check_nodes_total,9.0
scenario_planning,2025-12-31,baseline_self_check_nodes_passed,9.0
scenario_planning,2025-12-31,drivers_registered,13.0
variance_diagnostic_engine,2025-11-30,synthetic_scenarios_total,7.0
variance_diagnostic_engine,2025-11-30,synthetic_scenarios_passed,7.0
variance_diagnostic_engine,2025-11-30,variance_threshold,0.08
variance_diagnostic_engine,2025-11-30,layer1_nodes_total,11.0
variance_diagnostic_engine,2025-11-30,layer1_nodes_plan_comparable,10.0
variance_diagnostic_engine,2025-11-30,layer1_nodes_actual_not_computable,0.0
variance_diagnostic_engine,2025-11-30,layer1_nodes_breaching_threshold,9.0
variance_diagnostic_engine,2025-11-30,layer2_siblings_in_tree,26.0
variance_diagnostic_engine,2025-11-30,layer2_siblings_computable,20.0
variance_diagnostic_engine,2025-11-30,drilldowns_with_genuine_sibling_comparison,6.0
variance_diagnostic_engine,2025-11-30,pipeline_generated_children_max_abs_diff,0.0
variance_diagnostic_engine,2025-11-30,nodes_marked_not_computable_but_covered_by_attribution,0.0
automated_playbook_triggers,2025-06-30,triggers_fired_total,1404.0
automated_playbook_triggers,2025-06-30,triggers_fired_ingestion_without_completion,1319.0
automated_playbook_triggers,2025-06-30,triggers_fired_poc_pass_rate_below_threshold,1.0
automated_playbook_triggers,2025-06-30,triggers_fired_post_close_underutilization,84.0
automated_playbook_triggers,2025-06-30,synthetic_scenarios_passed,48.0
automated_playbook_triggers,2025-06-30,synthetic_scenarios_total,48.0
automated_playbook_triggers,2025-11-30,triggers_fired_total,1558.0
automated_playbook_triggers,2025-11-30,triggers_fired_ingestion_without_completion,1461.0
automated_playbook_triggers,2025-11-30,triggers_fired_poc_pass_rate_below_threshold,1.0
automated_playbook_triggers,2025-11-30,triggers_fired_post_close_underutilization,96.0
automated_playbook_triggers,2025-11-30,synthetic_scenarios_passed,48.0
automated_playbook_triggers,2025-11-30,synthetic_scenarios_total,48.0
automated_playbook_triggers,2025-12-31,triggers_fired_total,1558.0
automated_playbook_triggers,2025-12-31,triggers_fired_ingestion_without_completion,1461.0
automated_playbook_triggers,2025-12-31,triggers_fired_poc_pass_rate_below_threshold,1.0
automated_playbook_triggers,2025-12-31,triggers_fired_post_close_underutilization,96.0
automated_playbook_triggers,2025-12-31,synthetic_scenarios_passed,48.0
automated_playbook_triggers,2025-12-31,synthetic_scenarios_total,48.0
automated_playbook_triggers,2025-12-31,outcome_resolved_ingestion_without_completion,0.0
automated_playbook_triggers,2025-12-31,outcome_unresolved_ingestion_without_completion,1319.0
automated_playbook_triggers,2025-12-31,outcome_pending_ingestion_without_completion,142.0
automated_playbook_triggers,2025-12-31,outcome_not_evaluable_ingestion_without_completion,0.0
automated_playbook_triggers,2025-12-31,owner_resolved_share_ingestion_without_completion,0.05065023956194387
automated_playbook_triggers,2025-12-31,outcome_resolved_poc_pass_rate_below_threshold,1.0
automated_playbook_triggers,2025-12-31,outcome_unresolved_poc_pass_rate_below_threshold,0.0
automated_playbook_triggers,2025-12-31,outcome_pending_poc_pass_rate_below_threshold,0.0
automated_playbook_triggers,2025-12-31,outcome_not_evaluable_poc_pass_rate_below_threshold,0.0
automated_playbook_triggers,2025-12-31,owner_resolved_share_poc_pass_rate_below_threshold,1.0
automated_playbook_triggers,2025-12-31,outcome_resolved_post_close_underutilization,96.0
automated_playbook_triggers,2025-12-31,outcome_unresolved_post_close_underutilization,0.0
automated_playbook_triggers,2025-12-31,outcome_pending_post_close_underutilization,0.0
automated_playbook_triggers,2025-12-31,outcome_not_evaluable_post_close_underutilization,0.0
automated_playbook_triggers,2025-12-31,owner_resolved_share_post_close_underutilization,0.8958333333333334
weekly_executive_readout,2025-06-30,structural_checks_total,33.0
weekly_executive_readout,2025-06-30,structural_checks_passed,33.0
weekly_executive_readout,2025-06-30,layer1_nodes_in_scorecard,11.0
weekly_executive_readout,2025-06-30,layer1_nodes_not_computable,1.0
weekly_executive_readout,2025-06-30,drilldowns_rendered,9.0
weekly_executive_readout,2025-06-30,watchlist_accounts,25.0
weekly_executive_readout,2025-06-30,playbook_triggers_fired,1404.0
weekly_executive_readout,2025-06-30,sections_not_yet_built,0.0
weekly_executive_readout,2025-11-30,structural_checks_total,33.0
weekly_executive_readout,2025-11-30,structural_checks_passed,33.0
weekly_executive_readout,2025-11-30,layer1_nodes_in_scorecard,11.0
weekly_executive_readout,2025-11-30,layer1_nodes_not_computable,1.0
weekly_executive_readout,2025-11-30,drilldowns_rendered,9.0
weekly_executive_readout,2025-11-30,watchlist_accounts,25.0
weekly_executive_readout,2025-11-30,playbook_triggers_fired,1558.0
weekly_executive_readout,2025-11-30,sections_not_yet_built,0.0
variance_diagnostic_engine,2025-12-31,synthetic_scenarios_total,7.0
variance_diagnostic_engine,2025-12-31,synthetic_scenarios_passed,7.0
variance_diagnostic_engine,2025-12-31,variance_threshold,0.08
variance_diagnostic_engine,2025-12-31,layer1_nodes_total,11.0
variance_diagnostic_engine,2025-12-31,layer1_nodes_plan_comparable,10.0
variance_diagnostic_engine,2025-12-31,layer1_nodes_actual_not_computable,0.0
variance_diagnostic_engine,2025-12-31,layer1_nodes_breaching_threshold,8.0
variance_diagnostic_engine,2025-12-31,layer2_siblings_in_tree,26.0
variance_diagnostic_engine,2025-12-31,layer2_siblings_computable,20.0
variance_diagnostic_engine,2025-12-31,drilldowns_with_genuine_sibling_comparison,6.0
variance_diagnostic_engine,2025-12-31,pipeline_generated_children_max_abs_diff,0.0
variance_diagnostic_engine,2025-12-31,nodes_marked_not_computable_but_covered_by_attribution,0.0
data_quality_governance,2025-06-30,checks_total,56.0
data_quality_governance,2025-06-30,checks_passed,56.0
data_quality_governance,2025-06-30,checks_failed,0.0
data_quality_governance,2025-06-30,metric_tree_edges_checked,14.0
data_quality_governance,2025-06-30,metric_tree_edges_passed,14.0
data_quality_governance,2025-06-30,metric_tree_edges_not_computable,2.0
data_quality_governance,2025-06-30,referential_integrity_checks_passed,9.0
data_quality_governance,2025-06-30,referential_integrity_checks_total,9.0
data_quality_governance,2025-06-30,completeness_checks_passed,13.0
data_quality_governance,2025-06-30,distributional_sanity_checks_passed,5.0
data_quality_governance,2025-06-30,volume_sufficiency_checks_passed,7.0
data_quality_governance,2025-06-30,invariant_checks_passed,8.0
data_quality_governance,2025-06-30,invariant_checks_total,8.0
data_quality_governance,2025-06-30,synthetic_violation_scenarios_passed,10.0
data_quality_governance,2025-06-30,synthetic_violation_scenarios_total,10.0
data_quality_governance,2025-12-31,checks_total,56.0
data_quality_governance,2025-12-31,checks_passed,56.0
data_quality_governance,2025-12-31,checks_failed,0.0
data_quality_governance,2025-12-31,metric_tree_edges_checked,14.0
data_quality_governance,2025-12-31,metric_tree_edges_passed,14.0
data_quality_governance,2025-12-31,metric_tree_edges_not_computable,2.0
data_quality_governance,2025-12-31,referential_integrity_checks_passed,9.0
data_quality_governance,2025-12-31,referential_integrity_checks_total,9.0
data_quality_governance,2025-12-31,completeness_checks_passed,13.0
data_quality_governance,2025-12-31,distributional_sanity_checks_passed,5.0
data_quality_governance,2025-12-31,volume_sufficiency_checks_passed,7.0
data_quality_governance,2025-12-31,invariant_checks_passed,8.0
data_quality_governance,2025-12-31,invariant_checks_total,8.0
data_quality_governance,2025-12-31,synthetic_violation_scenarios_passed,10.0
data_quality_governance,2025-12-31,synthetic_violation_scenarios_total,10.0
proxy_metric_health,2025-06-30,checks_total,3.0
proxy_metric_health,2025-06-30,checks_passed,3.0
proxy_metric_health,2025-06-30,hooks_cataloged,26.0
proxy_metric_health,2025-06-30,hooks_traced_to_doc,30.0
proxy_metric_health,2025-06-30,hooks_with_zero_persisted_readings,7.0
proxy_metric_health,2025-06-30,not_drift_monitored_artifacts,3.0
proxy_metric_health,2025-06-30,not_yet_built_artifacts,1.0
proxy_metric_health,2025-06-30,models_with_any_checkpoint,16.0
proxy_metric_health,2025-06-30,min_checkpoints_across_models,1.0
proxy_metric_health,2025-06-30,max_checkpoints_across_models,1.0
proxy_metric_health,2025-06-30,data_gap_roots_cataloged,14.0
proxy_metric_health,2025-06-30,data_gap_roots_live_confirmed,14.0
proxy_metric_health,2025-06-30,pipeline_generated_stale_marking_confirmed,0.0
proxy_metric_health,2025-06-30,artifacts_with_confirmed_threshold,1.0
proxy_metric_health,2025-06-30,artifacts_with_proposed_not_confirmed_threshold,17.0
proxy_metric_health,2025-12-31,checks_total,3.0
proxy_metric_health,2025-12-31,checks_passed,3.0
proxy_metric_health,2025-12-31,hooks_cataloged,28.0
proxy_metric_health,2025-12-31,hooks_traced_to_doc,32.0
proxy_metric_health,2025-12-31,hooks_with_zero_persisted_readings,3.0
proxy_metric_health,2025-12-31,not_drift_monitored_artifacts,3.0
proxy_metric_health,2025-12-31,not_yet_built_artifacts,1.0
proxy_metric_health,2025-12-31,models_with_any_checkpoint,23.0
proxy_metric_health,2025-12-31,min_checkpoints_across_models,1.0
proxy_metric_health,2025-12-31,max_checkpoints_across_models,3.0
proxy_metric_health,2025-12-31,data_gap_roots_cataloged,14.0
proxy_metric_health,2025-12-31,data_gap_roots_live_confirmed,14.0
proxy_metric_health,2025-12-31,pipeline_generated_stale_marking_confirmed,0.0
proxy_metric_health,2025-12-31,artifacts_with_confirmed_threshold,1.0
proxy_metric_health,2025-12-31,artifacts_with_proposed_not_confirmed_threshold,19.0
executive_summary_narrative,2025-06-30,narrative_generated,0.0
executive_summary_narrative,2025-06-30,statements_published,0.0
executive_summary_narrative,2025-06-30,validation_failed,0.0
executive_summary_narrative,2025-11-30,narrative_generated,0.0
executive_summary_narrative,2025-11-30,statements_published,0.0
executive_summary_narrative,2025-11-30,validation_failed,0.0
executive_summary_narrative,2025-11-30,grounding_checks_total,15.0
executive_summary_narrative,2025-11-30,grounding_checks_passed,15.0
executive_summary_narrative,2025-11-30,api_attempts,2.0
weekly_executive_readout,2025-11-30,forecast_section_available,1.0
weekly_executive_readout,2025-06-30,forecast_section_available,1.0
weekly_executive_readout,2025-12-31,forecast_section_available,1.0
variance_diagnostic_engine,2025-11-30,nodes_marked_not_computable_but_fed_by_wave10_marts,0.0
variance_diagnostic_engine,2025-12-31,nodes_marked_not_computable_but_fed_by_wave10_marts,0.0
variance_diagnostic_engine,2025-11-30,persistence_scenarios_total,16.0
variance_diagnostic_engine,2025-11-30,persistence_scenarios_passed,16.0
variance_diagnostic_engine,2025-11-30,persistence_eligible_branch_months,202.0
variance_diagnostic_engine,2025-11-30,persistence_flag_rate,0.18811881188118812
pipeline_coverage,2025-08-15,quota_usd_commercial,683300.0
pipeline_coverage,2025-08-15,won_to_date_usd_commercial,361253.94
pipeline_coverage,2025-08-15,remaining_quota_usd_commercial,322046.06
pipeline_coverage,2025-08-15,open_pipeline_usd_commercial,910332.0
pipeline_coverage,2025-08-15,pipeline_coverage_ratio_commercial,2.82671367
pipeline_coverage,2025-08-15,realized_conversion_commercial,0.28313572
pipeline_coverage,2025-08-15,required_pipeline_multiple_commercial,3.53187512
pipeline_coverage,2025-08-15,coverage_vs_required_commercial,0.80034361
pipeline_coverage,2025-08-15,conversion_implied_gap_usd_commercial,64298.55
pipeline_coverage,2025-08-15,quota_usd_enterprise,2265200.0
pipeline_coverage,2025-08-15,won_to_date_usd_enterprise,1604152.66
pipeline_coverage,2025-08-15,remaining_quota_usd_enterprise,661047.34
pipeline_coverage,2025-08-15,open_pipeline_usd_enterprise,2957075.1
pipeline_coverage,2025-08-15,pipeline_coverage_ratio_enterprise,4.4733182
pipeline_coverage,2025-08-15,realized_conversion_enterprise,0.20745782
pipeline_coverage,2025-08-15,required_pipeline_multiple_enterprise,4.82025693
pipeline_coverage,2025-08-15,coverage_vs_required_enterprise,0.92802485
pipeline_coverage,2025-08-15,conversion_implied_gap_usd_enterprise,47578.98
pipeline_coverage,2025-08-15,structural_checks_total,12.0
pipeline_coverage,2025-08-15,structural_checks_passed,12.0
pipeline_coverage,2025-08-15,synthetic_scenarios_total,14.0
pipeline_coverage,2025-08-15,synthetic_scenarios_passed,14.0
pipeline_coverage,2025-08-15,backtest_segment_quarters_evaluated,19.0
pipeline_coverage,2025-08-15,backtest_mape_coverage_implied_pooled,0.3152
pipeline_coverage,2025-08-15,backtest_mape_coverage_implied_commercial,0.1958
pipeline_coverage,2025-08-15,backtest_aggregate_bias_commercial,-0.143
pipeline_coverage,2025-08-15,backtest_mape_coverage_implied_enterprise,0.4479
pipeline_coverage,2025-08-15,backtest_aggregate_bias_enterprise,-0.0012
pipeline_coverage,2025-08-15,backtest_mape_ratio_vs_naive_baseline,0.6514
pipeline_coverage,2025-08-15,rank_corr_coverage_vs_required_to_attainment,0.5088
pipeline_coverage,2025-08-15,conversion_implied_vs_forecast_manager_lens_pct_commercial,0.30702
pipeline_coverage,2025-08-15,conversion_implied_vs_forecast_manager_lens_pct_enterprise,0.038933
pipeline_coverage,2025-11-14,quota_usd_commercial,648500.0
pipeline_coverage,2025-11-14,won_to_date_usd_commercial,281852.65
pipeline_coverage,2025-11-14,remaining_quota_usd_commercial,366647.35
pipeline_coverage,2025-11-14,open_pipeline_usd_commercial,725851.81
pipeline_coverage,2025-11-14,pipeline_coverage_ratio_commercial,1.97970014
pipeline_coverage,2025-11-14,realized_conversion_commercial,0.25473451
pipeline_coverage,2025-11-14,required_pipeline_multiple_commercial,3.92565583
pipeline_coverage,2025-11-14,coverage_vs_required_commercial,0.50429794
pipeline_coverage,2025-11-14,conversion_implied_gap_usd_commercial,181747.85
pipeline_coverage,2025-11-14,quota_usd_enterprise,2301000.0
pipeline_coverage,2025-11-14,won_to_date_usd_enterprise,2665242.08
pipeline_coverage,2025-11-14,remaining_quota_usd_enterprise,0.0
pipeline_coverage,2025-11-14,open_pipeline_usd_enterprise,5422897.83
pipeline_coverage,2025-11-14,realized_conversion_enterprise,0.23495214
pipeline_coverage,2025-11-14,required_pipeline_multiple_enterprise,4.256186
pipeline_coverage,2025-11-14,conversion_implied_gap_usd_enterprise,-1274121.44
pipeline_coverage,2025-11-14,structural_checks_total,12.0
pipeline_coverage,2025-11-14,structural_checks_passed,12.0
pipeline_coverage,2025-11-14,synthetic_scenarios_total,14.0
pipeline_coverage,2025-11-14,synthetic_scenarios_passed,14.0
pipeline_coverage,2025-11-14,backtest_segment_quarters_evaluated,21.0
pipeline_coverage,2025-11-14,backtest_mape_coverage_implied_pooled,0.2964
pipeline_coverage,2025-11-14,backtest_mape_coverage_implied_commercial,0.1992
pipeline_coverage,2025-11-14,backtest_aggregate_bias_commercial,-0.1547
pipeline_coverage,2025-11-14,backtest_mape_coverage_implied_enterprise,0.4034
pipeline_coverage,2025-11-14,backtest_aggregate_bias_enterprise,-0.0008
pipeline_coverage,2025-11-14,backtest_mape_ratio_vs_naive_baseline,0.6211
pipeline_coverage,2025-11-14,rank_corr_coverage_vs_required_to_attainment,0.6058
pipeline_coverage,2025-11-14,conversion_implied_vs_forecast_manager_lens_pct_commercial,0.131088
pipeline_coverage,2025-11-14,conversion_implied_vs_forecast_manager_lens_pct_enterprise,0.134152
pipeline_coverage,2025-08-15,backtest_mape_constant_rate_025_pooled,0.2708
pipeline_coverage,2025-08-15,backtest_mape_pace_pooled,0.3329
pipeline_coverage,2025-08-15,backtest_mape_hindsight_free_scoping_pooled,0.2941
pipeline_coverage,2025-08-15,backtest_mape_no_scoping_pooled,0.7227
pipeline_coverage,2025-08-15,backtest_mape_constant_rate_025_commercial,0.1375
pipeline_coverage,2025-08-15,backtest_mape_pace_commercial,0.28
pipeline_coverage,2025-08-15,backtest_mape_hindsight_free_scoping_commercial,0.1958
pipeline_coverage,2025-08-15,backtest_mape_no_scoping_commercial,0.1958
pipeline_coverage,2025-08-15,backtest_mape_constant_rate_025_enterprise,0.419
pipeline_coverage,2025-08-15,backtest_mape_pace_enterprise,0.3917
pipeline_coverage,2025-08-15,backtest_mape_hindsight_free_scoping_enterprise,0.4033
pipeline_coverage,2025-08-15,backtest_mape_no_scoping_enterprise,1.3081
pipeline_coverage,2025-11-14,backtest_mape_constant_rate_025_pooled,0.2607
pipeline_coverage,2025-11-14,backtest_mape_pace_pooled,0.3276
pipeline_coverage,2025-11-14,backtest_mape_hindsight_free_scoping_pooled,0.2789
pipeline_coverage,2025-11-14,backtest_mape_no_scoping_pooled,0.7013
pipeline_coverage,2025-11-14,backtest_mape_constant_rate_025_commercial,0.1496
pipeline_coverage,2025-11-14,backtest_mape_pace_commercial,0.264
pipeline_coverage,2025-11-14,backtest_mape_hindsight_free_scoping_commercial,0.1992
pipeline_coverage,2025-11-14,backtest_mape_no_scoping_commercial,0.1992
pipeline_coverage,2025-11-14,backtest_mape_constant_rate_025_enterprise,0.383
pipeline_coverage,2025-11-14,backtest_mape_pace_enterprise,0.3975
pipeline_coverage,2025-11-14,backtest_mape_hindsight_free_scoping_enterprise,0.3666
pipeline_coverage,2025-11-14,backtest_mape_no_scoping_enterprise,1.2537
ltv_by_segment,2025-06-30,ltv_central_usd_smb,15563.59
ltv_by_segment,2025-06-30,ltv_low_usd_smb,13484.43
ltv_by_segment,2025-06-30,ltv_high_usd_smb,21387.19
ltv_by_segment,2025-06-30,ltv_observed_share_smb,0.473729
ltv_by_segment,2025-06-30,retention_month36_smb,0.586115
ltv_by_segment,2025-06-30,retention_month60_smb,0.426642
ltv_by_segment,2025-06-30,churn_events_smb,1347.0
ltv_by_segment,2025-06-30,cac_marketing_only_usd_smb,459.51
ltv_by_segment,2025-06-30,cac_rep_loaded_usd_smb,459.51
ltv_by_segment,2025-06-30,ltv_to_cac_rep_loaded_smb,33.8696
ltv_by_segment,2025-06-30,ltv_central_usd_commercial,202643.67
ltv_by_segment,2025-06-30,ltv_low_usd_commercial,118646.33
ltv_by_segment,2025-06-30,ltv_high_usd_commercial,268984.88
ltv_by_segment,2025-06-30,ltv_observed_share_commercial,0.403976
ltv_by_segment,2025-06-30,retention_month36_commercial,0.80802
ltv_by_segment,2025-06-30,retention_month60_commercial,0.678448
ltv_by_segment,2025-06-30,churn_events_commercial,30.0
ltv_by_segment,2025-06-30,tail_monthly_hazard_commercial,0.00656455
ltv_by_segment,2025-06-30,cac_marketing_only_usd_commercial,805.63
ltv_by_segment,2025-06-30,cac_rep_loaded_usd_commercial,34436.01
ltv_by_segment,2025-06-30,ltv_to_cac_rep_loaded_commercial,5.8846
ltv_by_segment,2025-06-30,ltv_central_usd_enterprise,1148348.87
ltv_by_segment,2025-06-30,ltv_low_usd_enterprise,1007782.35
ltv_by_segment,2025-06-30,ltv_high_usd_enterprise,1477500.32
ltv_by_segment,2025-06-30,ltv_observed_share_enterprise,0.426665
ltv_by_segment,2025-06-30,retention_month36_enterprise,0.890474
ltv_by_segment,2025-06-30,retention_month60_enterprise,0.803671
ltv_by_segment,2025-06-30,churn_events_enterprise,4.0
ltv_by_segment,2025-06-30,tail_monthly_hazard_enterprise,0.00426439
ltv_by_segment,2025-06-30,cac_marketing_only_usd_enterprise,951.93
ltv_by_segment,2025-06-30,cac_rep_loaded_usd_enterprise,369957.53
ltv_by_segment,2025-06-30,ltv_to_cac_rep_loaded_enterprise,3.104
ltv_by_segment,2025-06-30,smb_channel_log_rank_p_value,0.12376046685527188
ltv_by_segment,2025-06-30,structural_checks_total,17.0
ltv_by_segment,2025-06-30,structural_checks_passed,17.0
ltv_by_segment,2025-06-30,synthetic_scenarios_total,11.0
ltv_by_segment,2025-06-30,synthetic_scenarios_passed,11.0
ltv_by_segment,2025-06-30,backtest_retention_gap_pp_smb_m36,-1.3253933261895279
ltv_by_segment,2025-06-30,backtest_retention_gap_pp_smb_m42,-0.9186114562917735
ltv_by_segment,2025-06-30,backtest_retention_gap_pp_smb_m48,-1.2043313380584009
ltv_by_segment,2025-06-30,backtest_retention_gap_pp_smb_m54,-1.645387910497076
ltv_by_segment,2025-06-30,backtest_retention_gap_pp_smb_m60,-0.6056028630281762
ltv_by_segment,2025-06-30,backtest_retention_max_abs_gap_pp_smb,1.645387910497076
ltv_by_segment,2025-06-30,backtest_retention_realized_in_band_smb,1.0
ltv_by_segment,2025-06-30,backtest_ltv_error_pct_smb_36m,-6.520537591159181
ltv_by_segment,2025-06-30,backtest_ltv_error_pct_smb_60m,-24.37404170600479
ltv_by_segment,2025-06-30,backtest_retention_max_abs_gap_pp_commercial,9.487051953767246
ltv_by_segment,2025-06-30,backtest_retention_realized_in_band_commercial,1.0
ltv_by_segment,2025-06-30,enterprise_accounts_at_risk_month_36,19.0
ltv_by_segment,2025-12-31,ltv_central_usd_smb,15758.16
ltv_by_segment,2025-12-31,ltv_low_usd_smb,14725.57
ltv_by_segment,2025-12-31,ltv_high_usd_smb,20258.2
ltv_by_segment,2025-12-31,ltv_observed_share_smb,0.568874
ltv_by_segment,2025-12-31,retention_month36_smb,0.579349
ltv_by_segment,2025-12-31,retention_month60_smb,0.422003
ltv_by_segment,2025-12-31,churn_events_smb,1784.0
ltv_by_segment,2025-12-31,cac_marketing_only_usd_smb,453.67
ltv_by_segment,2025-12-31,cac_rep_loaded_usd_smb,453.67
ltv_by_segment,2025-12-31,ltv_to_cac_rep_loaded_smb,34.7346
ltv_by_segment,2025-12-31,ltv_central_usd_commercial,223055.76
ltv_by_segment,2025-12-31,ltv_low_usd_commercial,125869.91
ltv_by_segment,2025-12-31,ltv_high_usd_commercial,270228.3
ltv_by_segment,2025-12-31,ltv_observed_share_commercial,0.482694
ltv_by_segment,2025-12-31,retention_month36_commercial,0.795982
ltv_by_segment,2025-12-31,retention_month60_commercial,0.673814
ltv_by_segment,2025-12-31,churn_events_commercial,44.0
ltv_by_segment,2025-12-31,tail_monthly_hazard_commercial,0.004158
ltv_by_segment,2025-12-31,cac_marketing_only_usd_commercial,775.64
ltv_by_segment,2025-12-31,cac_rep_loaded_usd_commercial,31831.25
ltv_by_segment,2025-12-31,ltv_to_cac_rep_loaded_commercial,7.0074
ltv_by_segment,2025-12-31,ltv_central_usd_enterprise,1143280.05
ltv_by_segment,2025-12-31,ltv_low_usd_enterprise,1027565.58
ltv_by_segment,2025-12-31,ltv_high_usd_enterprise,1515506.83
ltv_by_segment,2025-12-31,ltv_observed_share_enterprise,0.505227
ltv_by_segment,2025-12-31,retention_month36_enterprise,0.88643
ltv_by_segment,2025-12-31,retention_month60_enterprise,0.780106
ltv_by_segment,2025-12-31,churn_events_enterprise,5.0
ltv_by_segment,2025-12-31,tail_monthly_hazard_enterprise,0.00530973
ltv_by_segment,2025-12-31,cac_marketing_only_usd_enterprise,967.26
ltv_by_segment,2025-12-31,cac_rep_loaded_usd_enterprise,338938.54
ltv_by_segment,2025-12-31,ltv_to_cac_rep_loaded_enterprise,3.3731
ltv_by_segment,2025-12-31,smb_channel_log_rank_p_value,0.16992276036487158
ltv_by_segment,2025-12-31,structural_checks_total,17.0
ltv_by_segment,2025-12-31,structural_checks_passed,17.0
ltv_by_segment,2025-12-31,synthetic_scenarios_total,11.0
ltv_by_segment,2025-12-31,synthetic_scenarios_passed,11.0
ltv_by_segment,2025-12-31,backtest_retention_gap_pp_smb_m36,-1.8878318218890855
ltv_by_segment,2025-12-31,backtest_retention_gap_pp_smb_m42,-1.4112881267880684
ltv_by_segment,2025-12-31,backtest_retention_gap_pp_smb_m48,-1.1328752589512492
ltv_by_segment,2025-12-31,backtest_retention_gap_pp_smb_m54,-1.237913560885734
ltv_by_segment,2025-12-31,backtest_retention_gap_pp_smb_m60,-0.5693833168278706
ltv_by_segment,2025-12-31,backtest_retention_max_abs_gap_pp_smb,1.8878318218890855
ltv_by_segment,2025-12-31,backtest_retention_realized_in_band_smb,1.0
ltv_by_segment,2025-12-31,backtest_ltv_error_pct_smb_36m,-11.119390803426931
ltv_by_segment,2025-12-31,backtest_ltv_error_pct_smb_60m,-32.013864424662245
ltv_by_segment,2025-12-31,backtest_retention_max_abs_gap_pp_commercial,16.65640180979756
ltv_by_segment,2025-12-31,backtest_retention_realized_in_band_commercial,1.0
ltv_by_segment,2025-12-31,enterprise_accounts_at_risk_month_36,23.0
ltv_by_segment,2025-06-30,ltv_to_cac_entry_only_smb,15.3717
ltv_by_segment,2025-06-30,ltv_to_cac_entry_only_commercial,1.8046
ltv_by_segment,2025-06-30,ltv_to_cac_entry_only_enterprise,3.104
ltv_by_segment,2025-12-31,ltv_to_cac_entry_only_smb,13.9461
ltv_by_segment,2025-12-31,ltv_to_cac_entry_only_commercial,1.9313
ltv_by_segment,2025-12-31,ltv_to_cac_entry_only_enterprise,3.3731
