rep_id,territory
REP-00012,NA-East
REP-00026,NA-East
REP-00032,NA-East
REP-00010,NA-East
REP-00038,NA-East
REP-00016,NA-East
REP-00021,NA-East
REP-00059,NA-West
REP-00015,NA-West
REP-00013,NA-West
REP-00001,NA-West
REP-00056,NA-West
REP-00014,EMEA
REP-00002,EMEA
REP-00050,EMEA
REP-00047,EMEA
REP-00007,EMEA
REP-00008,APAC
REP-00063,APAC
REP-00049,LATAM
REP-00058,NA-East
REP-00029,NA-East
REP-00035,NA-East
REP-00037,NA-East
REP-00009,NA-East
REP-00034,NA-East
REP-00060,NA-East
REP-00043,NA-East
REP-00040,NA-West
REP-00054,NA-West
REP-00048,NA-West
REP-00024,NA-West
REP-00023,NA-West
REP-00055,NA-West
REP-00019,NA-West
REP-00027,EMEA
REP-00022,EMEA
REP-00039,EMEA
REP-00000,EMEA
REP-00042,EMEA
REP-00017,APAC
REP-00051,APAC
REP-00045,LATAM
REP-00046,LATAM
