rep_id,rep_type,segment,hire_date,book_size,annual_ote_usd,fully_loaded_annual_cost_usd
REP-00000,AE,Enterprise,2019-01-12,,318000,473820
REP-00001,ISR,Commercial,2019-02-25,,129500,185185
REP-00002,ISR,Commercial,2019-04-27,,139500,199485
REP-00003,AM-Enterprise,Enterprise,2019-05-23,21.0,205000,297250
REP-00004,SE,Enterprise,2019-06-18,,224000,329280
REP-00005,AM-Commercial,Commercial,2019-07-06,210.0,127000,180340
REP-00006,SE,Enterprise,2019-07-25,,215000,316050
REP-00007,ISR,Commercial,2019-07-25,,125000,178750
REP-00008,ISR,Commercial,2019-10-20,,137000,195910
REP-00009,AE,Enterprise,2019-12-17,,328500,489465
REP-00010,ISR,Commercial,2019-12-26,,133000,190190
REP-00011,AM-Enterprise,Enterprise,2020-02-10,17.0,200500,290725
REP-00012,ISR,Commercial,2020-02-26,,129000,184470
REP-00013,ISR,Commercial,2020-07-20,,134000,191620
REP-00014,ISR,Commercial,2020-09-28,,129500,185185
REP-00015,ISR,Commercial,2020-10-04,,128000,183040
REP-00016,ISR,Commercial,2020-11-02,,134500,192335
REP-00017,AE,Enterprise,2020-11-19,,308000,458920
REP-00018,AM-Commercial,Commercial,2020-11-20,250.0,120000,170400
REP-00019,AE,Enterprise,2021-01-09,,307000,457430
REP-00020,AM-Enterprise,Enterprise,2021-03-23,21.0,194500,282025
REP-00021,ISR,Commercial,2021-04-06,,138000,197340
REP-00022,AE,Enterprise,2021-04-11,,284500,423905
REP-00023,AE,Enterprise,2021-04-19,,332000,494680
REP-00024,AE,Enterprise,2021-07-19,,295500,440295
REP-00025,AM-Enterprise,Enterprise,2021-08-14,16.0,174000,252300
REP-00026,ISR,Commercial,2021-08-29,,126000,180180
REP-00027,AE,Enterprise,2021-09-03,,294000,438060
REP-00028,AM-Enterprise,Enterprise,2021-09-24,19.0,186000,269700
REP-00029,AE,Enterprise,2021-10-20,,310500,462645
REP-00030,SE,Enterprise,2021-10-27,,209000,307230
REP-00031,SE,Enterprise,2022-01-22,,194500,285915
REP-00032,ISR,Commercial,2022-01-27,,123000,175890
REP-00033,AM-Enterprise,Enterprise,2022-02-14,18.0,188500,273325
REP-00034,AE,Enterprise,2022-02-14,,275500,410495
REP-00035,AE,Enterprise,2022-02-23,,302500,450725
REP-00036,AM-Enterprise,Enterprise,2022-03-10,19.0,187500,271875
REP-00037,AE,Enterprise,2022-03-21,,315500,470095
REP-00038,ISR,Commercial,2022-03-22,,126000,180180
REP-00039,AE,Enterprise,2022-05-01,,311500,464135
REP-00040,AE,Enterprise,2022-05-01,,311500,464135
REP-00041,AM-Enterprise,Enterprise,2022-05-14,11.0,176000,255200
REP-00042,AE,Enterprise,2022-06-03,,304500,453705
REP-00043,AE,Enterprise,2022-08-05,,302500,450725
REP-00044,AM-Commercial,Commercial,2023-02-01,221.0,114000,161880
REP-00045,AE,Enterprise,2023-02-22,,276500,411985
REP-00046,AE,Enterprise,2023-02-28,,290500,432845
REP-00047,ISR,Commercial,2023-04-19,,114500,163735
REP-00048,AE,Enterprise,2023-08-03,,292000,435080
REP-00049,ISR,Commercial,2023-08-12,,115500,165165
REP-00050,ISR,Commercial,2023-10-20,,121500,173745
REP-00051,AE,Enterprise,2023-10-23,,275000,409750
REP-00052,SE,Enterprise,2023-11-15,,195500,287385
REP-00053,AM-Enterprise,Enterprise,2023-12-19,24.0,180500,261725
REP-00054,AE,Enterprise,2024-02-09,,292500,435825
REP-00055,AE,Enterprise,2024-03-12,,277500,413475
REP-00056,ISR,Commercial,2024-07-13,,114500,163735
REP-00057,SE,Enterprise,2024-08-04,,195500,287385
REP-00058,AE,Enterprise,2024-08-09,,279000,415710
REP-00059,ISR,Commercial,2024-09-22,,107000,153010
REP-00060,AE,Enterprise,2024-10-26,,256500,382185
REP-00061,AM-Commercial,Commercial,2025-04-03,208.0,105500,149810
REP-00062,SE,Enterprise,2025-04-16,,179500,263865
REP-00063,ISR,Commercial,2025-06-10,,121500,173745
REP-00064,AM-Enterprise,Enterprise,2025-06-21,18.0,165500,239975
REP-00065,AM-Commercial,Commercial,2025-10-05,273.0,107500,152650
REP-00066,SE,Enterprise,2025-10-12,,183500,269745
